Ngày,Hà Nội,Thành phố Hồ Chí Minh,Hưng Yên,Hà Nam,Vĩnh Phúc,Đà Nẵng,Yên Bái,Quảng Nam,Đồng Nai,Hải Dương,Thái Bình,Quảng Ngãi,Lạng Sơn,Bắc Ninh,Thanh Hóa,Điện Biên,Nghệ An,Nam Định,Phú Thọ,Quảng Ninh,Bắc Giang,Hải Phòng,Thừa Thiên Huế,Đắk Lăk,Hòa Bình,Quảng Trị,Tuyên Quang,Sơn La,Ninh Bình,Thái Nguyên,Long An,Bạc Liêu,Gia Lai,Tây Ninh,Bình Dương,Trà Vinh,Đồng Tháp,Hà Tĩnh,Tiền Giang,Bắc Kạn,Lào Cai,An Giang,Vĩnh Long,Kiên Giang,Khánh Hòa,Phú Yên,Bình Thuận,Cần Thơ,Bà Rịa - Vũng Tàu,Bình Định,Bình Phước,Lâm Đồng,Ninh Thuận,Bến Tre,Sóc Trăng,Cà Mau,Hậu Giang,Đắk Nông,Kon Tum,Hà Giang,Quảng Bình,Lai Châu,Cao Bằng
,227166,526059,32328,11468,36610,52590,15746,30148,100814,44087,23187,18063,16728,67868,39279,7489,42079,41382,35704,34225,39458,59174,26471,25998,33724,12003,14299,17696,24708,34137,42097,36452,15221,89549,295221,38729,47931,11230,35463,3179,19535,35810,45246,34235,58689,16481,31307,44835,36071,47773,52988,24903,6186,43206,32494,59754,16233,13054,5828,17149,17268,4506,7827
4/27/2021,,,,,,,1,,,,,,,,,,,,,,,,,,,,,,,,,,,,,,,,,,,,,,,,,,,,,,,,,,,,,,,,
4/28/2021,,,,,,,,,,,,,,,,,,,,,,,,,,,,,,,,,,,,,,,,,,,,,,,,,,,,,,,,,,,,,,,
4/29/2021,,1,,5,,,,,,,,,,,,,,,,,,,,,,,,,,,,,,,,,,,,,,,,,,,,,,,,,,,,,,,,,,,
4/30/2021,3,,2,2,,,,,,,,,,,,,,,,,,,,,,,,,,,,,,,,,,,,,,,,,,,,,,,,,,,,,,,,,,,
5/1/2021,,,,3,,,,,,,,,,,,,,,,,,,,,,,,,,,,,,,,,,,,,,,,,,,,,,,,,,,,,,,,,,,
5/2/2021,,,,2,6,,,,,,,,,,,,,,,,,,,,,,,,,,,,,,,,,,,,,,,,,,,,,,,,,,,,,,,,,,
5/3/2021,,,,2,8,,,,,,,,,,,,,,,,,,,,,,,,,,,,,,,,,,,,,,,,,,,,,,,,,,,,,,,,,,
5/4/2021,1,,,,,2,,,,,,,,,,,,,,,,,,,,,,,,,,,,,,,,,,,,,,,,,,,,,,,,,,,,,,,,,
5/5/2021,15,,,,,,,1,1,1,,,,,,,,,,,,,,,,,,,,,,,,,,,,,,,,,,,,,,,,,,,,,,,,,,,,,
5/6/2021,28,,2,,11,3,,,,1,5,1,1,12,,,,,,,,,,,,,,,,,,,,,,,,,,,,,,,,,,,,,,,,,,,,,,,,,
5/7/2021,24,,4,1,1,5,,,,1,,,,,1,1,1,1,1,,,,,,,,,,,,,,,,,,,,,,,,,,,,,,,,,,,,,,,,,,,,
5/8/2021,23,,3,,7,8,,1,,1,1,,,31,,,,1,,1,1,1,1,,,,,,,,,,,,,,,,,,,,,,,,,,,,,,,,,,,,,,,,
5/9/2021,17,,2,1,,17,,1,,,,,2,15,,,,,,,31,,2,1,2,1,,,,,,,,,,,,,,,,,,,,,,,,,,,,,,,,,,,,,
5/10/2021,32,,6,,20,18,,,,1,,,1,27,,1,,,,,15,,,1,3,,,,,,,,,,,,,,,,,,,,,,,,,,,,,,,,,,,,,,
5/11/2021,5,,,,7,,,,,2,2,,1,34,,,,,,,17,,1,,,2,,,,,,,,,,,,,,,,,,,,,,,,,,,,,,,,,,,,,
5/12/2021,14,,1,1,13,27,,,,,1,,1,5,,,,1,1,,17,,,,,,,,,,,,,,,,,,,,,,,,,,,,,,,,,,,,,,,,,,
5/13/2021,8,,4,1,5,32,,,,,4,,,7,,,,,,,10,,1,,1,,,,,,,,,,,,,,,,,,,,,,,,,,,,,,,,,,,,,,
5/14/2021,27,,1,,,3,,,,,2,,6,46,,1,,2,,,16,,,,,,,,,,,,,,,,,,,,,,,,,,,,,,,,,,,,,,,,,,
5/15/2021,16,,1,1,5,8,,,,,,,4,17,,2,,1,,,109,,,1,,,,,,,,,,,,,,,,,,,,,,,,,,,,,,,,,,,,,,,
5/16/2021,8,,1,6,,12,,,,2,,,,47,,12,,,,,98,,,,1,,,,,,,,,,,,,,,,,,,,,,,,,,,,,,,,,,,,,,
5/17/2021,5,,2,5,4,7,,,,,,,2,49,,7,,,2,,97,,,,,,1,,,,,,,,,,,,,,,,,,,,,,,,,,,,,,,,,,,,
5/18/2021,20,,1,4,,2,,,,3,1,,,16,,7,,,,,96,1,,,,,,1,,,,,,,,,,,,,,,,,,,,,,,,,,,,,,,,,,,
5/19/2021,11,2,,,1,2,,,,3,1,,3,47,,7,,,,,98,,,,,,,,,,,,,,,,,,,,,,,,,,,,,,,,,,,,,,,,,,
5/20/2021,6,3,,,1,1,,,,6,,,2,24,1,4,,,,,63,,,,,,,,2,1,,,,,,,,,,,,,,,,,,,,,,,,,,,,,,,,,
5/21/2021,3,,2,,,2,,,,3,,,1,14,,7,,,,,99,,,,,,,,,,,,,,,,,,,,,,,,,,,,,,,,,,,,,,,,,,
5/22/2021,10,,4,,,1,,,,7,1,,2,28,2,3,,,,,84,,,,,,,,,1,,,,,,,,,,,,,,,,,,,,,,,,,,,,,,,,,
5/23/2021,7,,,,,1,,,,3,,,,48,,,,,,,68,,,,,,,,2,,,,,,,,,,,,,,,,,,,,,,,,,,,,,,,,,,
5/24/2021,21,1,,,,1,,,,5,,,11,38,,2,,,,,105,,,,,,,,,,,,,,,,,,,,,,,,,,,,,,,,,,,,,,,,,,
5/25/2021,24,1,,5,,2,,,,,1,,7,28,,1,,,,,375,,,,,,,,,,,,,,,,,,,,,,,,,,,,,,,,,,,,,,,,,,
5/26/2021,16,,,,,,,,,4,,,,91,1,1,,,,,121,,,,,,,,,1,,,,,,,,,,,,,,,,,,,,,,,,,,,,,,,,,
5/27/2021,7,36,,,,1,,,,1,,,1,52,,1,,,,,128,,,,,,,,,,,,,,,,,,,,,,,,,,,,,,,,,,,,,,,,,,
5/28/2021,4,25,1,1,,,,,,1,1,,10,33,,,,,,,176,,,,,,,,,,1,,,,,,,,,,,,,,,,,,,,,,,,,,,,,,,,
5/29/2021,9,29,,3,,,,,,2,,,7,52,,1,,,,,170,,,,,,,,,,1,1,1,1,,,,,,,,,,,,,,,,,,,,,,,,,,,,,
5/30/2021,20,59,,,,1,,,,1,,,,43,,,,,,,124,1,,,,,,,,,1,,,,,,,,,,,,,,,,,,,,,,,,,,,,,,,,
5/31/2021,28,,,,,1,,,,,,,3,38,,,,,,,134,,,1,,,,,,,2,,,,3,1,,,,,,,,,,,,,,,,,,,,,,,,,,,
6/1/2021,2,70,,2,1,,,,,,,,12,34,,,,,,,124,,,,,,,,,,3,,,,,1,1,,,,,,,,,,,,,,,,,,,,,,,,,,
6/2/2021,8,31,,,,1,,,,1,,,,31,,,,,,,157,,,,,,,,,,,,,,,,,,,,,,,,,,,,,,,,,,,,,,,,,,
6/3/2021,6,30,,,,,,,,1,,,3,44,,,,,,,145,,,,,,,,,,2,,,,,,,,,,,,,,,,,,,,,,,,,,,,,,,,
6/4/2021,4,26,,,,,,,,,1,,,47,,,,,,,141,,,,,,,,,,,,,,,,,,,,,,,,,,,,,,,,,,,,,,,,,,
6/5/2021,2,31,,1,2,,,,,,,,1,55,,,,,,,149,,,,,,,,,,,,,,2,,,2,1,,,,,,,,,,,,,,,,,,,,,,,,
6/6/2021,2,31,,,,,,,,,,,,40,,,,,,,121,,,,,,,,,,,,,,2,,,5,,,,,,,,,,,,,,,,,,,,,,,,,
6/7/2021,2,46,,2,,,,,,,,,7,29,,,,,,,122,,,,,,,,,,,,,,1,,,2,,,,,,,,,,,,,,,,,,,,,,,,,
6/8/2021,3,39,,,,,,,,,,,5,25,,,,,,,98,,,,,,,,,,,,,,,,,1,,,,,,,,,,,,,,,,,,,,,,,,,
6/9/2021,6,40,,,,,,,,,,,1,35,,,,,,,296,,,,,,,,,,,,,,,,,3,,,,,,,,,,,,,,,,,,,,,,,,,
6/10/2021,4,61,,,,,,,,1,,,1,45,,,,,,,91,,,,,,,,,,1,,,,,,,5,2,,,,,,,,,,,,,,,,,,,,,,,,
6/11/2021,6,48,,,,,,,,,,,,28,,,,,,,95,,,,,,,,,,,,,,,,,8,,,,,,,,,,,,,,,,,,,,,,,,,
6/12/2021,,84,,,,,,,,,,,1,34,,,,,,,125,,,,,,,,,,,,,,,,,5,10,,,,,,,,,,,,,,,,,,,,,,,,
6/13/2021,2,95,,,,,,,,,,,2,54,,,,,1,,129,,,,,,,,,,,,,,1,,,9,,,,,,,,,,,,,,,,,,,,,,,,,
6/14/2021,4,82,,,,,,,,,,,,17,,,1,,,,121,,,,,,,,,,,,,,4,,,22,14,1,,,,,,,,,,,,,,,,,,,,,,,
6/15/2021,1,90,,,,,,,,,,,2,55,,,,,,,235,,,,,,,,,,,,,,12,,,3,,,,,,,,,,,,,,,,,,,,,,,,,
6/16/2021,,99,,1,,,,,,,,,,27,,,3,,,,279,,,,,,,,,,,,,,,,,4,,1,,,,,,,,,,,,,,,,,,,,,,,
6/17/2021,,137,,,,,,,,,,,2,12,,,1,,,,327,,,,,,,,,,,,,,7,,,4,13,,,,,,,,,,,,,,,,,,,,,,,,
6/18/2021,,149,,,,,,,,,,,,16,,,,,,,76,,,,2,,,,,,,,,,12,,,3,,,1,,,,,,,,,,,,,,,,,,,,,,
6/19/2021,1,135,,,,6,,,2,,,,2,36,,,16,1,,,227,,,,2,,,,,,6,,,,30,,,3,3,,1,,,,,,,,,,,,,,,,,,,,,,
6/20/2021,,137,,,,27,,1,,,,,,19,,,5,,,,96,,,,,,,,,,,,,,13,,,1,,,,1,,,,,,,,,,,,,,,,,,,,,
6/21/2021,,166,2,,,4,,,,,,,,13,,,5,,,,51,,,,,,,,,,,,,,21,1,,2,2,,,,,,,,,,,,,,,,,,,,,,,,
6/22/2021,1,136,2,,,4,,,1,,,,,10,,,2,,,,31,,,,,,,,,,1,,1,,33,,,2,5,,,,1,,,,,,,,,,,,,,,,,,,,
6/23/2021,,152,4,,,6,,,,,,,,4,,,7,,,,11,,,,,,,,,,5,,,,23,,,,,1,2,,,2,,,,,,,,,,,,,,,,,,,
6/24/2021,,162,2,,,20,,,,,5,,,7,,,5,,,,28,1,,,,,,,,,2,,,2,27,,,,9,,,,,,1,8,,,,,,,,,,,,,,,,,
6/25/2021,,724,3,,,5,,,,,1,,1,6,,,6,,,2,22,3,,,,,,,,,22,,2,,30,,2,,8,,,,,,1,2,5,,,,,,,,,,,,,,,,
6/26/2021,2,58,11,,,7,,,,,1,6,,5,,,11,,,,16,2,,,,,,,,,7,,,5,5,,8,7,,,,,,,,10,2,1,,,,,,,,,,,,,,,
6/27/2021,,200,15,,,2,,,,,,15,,6,,,4,,,,65,,,,,,,,,,7,,,,36,,,,,1,,,,,,8,,,,,,,,,,,,,,,,,
6/28/2021,,218,2,,,1,,,11,,,20,2,16,,,11,,,2,33,1,,1,1,,,,,,6,,,,40,,1,7,,,,,,,,10,6,,,,,,,,,,,,,,,,
6/29/2021,,155,15,,,,,,4,,,21,2,5,,,14,,,,27,2,,,,,,,,,12,,,,24,1,22,12,22,,,,1,,,20,1,,1,,,,,,,,,,,,,,
6/30/2021,,249,9,,,2,,,12,,,10,,8,,,8,,,,13,1,,,,,,,,,1,,,,81,,5,,,1,,4,,,,27,,,6,4,,,,,,,,,,,,,
7/1/2021,,464,11,,,3,,,,,,9,,3,,,3,,,,5,,,,,,,,,,28,,,,90,,1,5,38,,,5,1,,,26,,,,,1,,,,,,,,,,,,
7/2/2021,,419,3,,,3,,,5,,,10,,2,,,3,,,,2,1,,,,,,,,,7,,,2,13,1,3,1,,,,6,3,,1,40,,,,,1,1,,,,,,,,,,,
7/3/2021,,714,10,,,,,,32,,,16,,2,,,14,,,,,,,1,,,,,,,2,3,,,38,2,12,,12,,,1,3,,1,37,,,4,5,1,4,,,,,,,,,,,
7/4/2021,,599,,,,1,,,,,,8,,3,,,3,,,,3,2,1,,,,,,,,72,,,2,87,1,6,2,29,,,6,2,,9,32,,,2,4,,,1,1,,,,,,,,,
7/5/2021,,641,9,,,,,,9,,,4,1,4,,,1,,,,7,,,,,,,,,,15,,,3,131,,165,2,11,,,12,3,,18,40,,,4,3,4,1,,,1,,,,,,,,
7/6/2021,12,710,6,2,,,,,11,,,,2,3,4,,3,,,,5,,,,,,,,,,14,,,,92,2,99,,,,,11,2,,,41,,,,,,,,,,,,,,,,,
7/7/2021,3,766,5,,5,,,,2,,,13,,6,1,,2,,,,5,,,1,,,,,,,19,,,,60,3,5,1,18,,,,24,,41,14,,,2,,,,,,,1,,,,,,,
7/8/2021,5,915,2,,,,,,,,,14,,8,,,1,,,,9,,,,,,,,,,,2,3,1,135,2,108,,,,,11,17,1,28,24,1,,,1,3,3,,1,,11,1,,,,,,
7/9/2021,2,1229,8,,2,1,,,32,,,7,,15,1,,1,,,,10,,,,,,,,,,77,2,1,,73,8,32,,34,,,5,,,29,28,,6,4,,1,1,,,2,,4,1,,,,,
7/10/2021,7,1320,7,1,1,,,,37,,2,14,,2,3,,,,,,4,,,,,,,,,,33,1,,4,140,2,58,1,75,,,10,26,1,28,33,,,12,2,8,,1,2,7,2,,,,,,,
7/11/2021,7,1397,3,,,6,,1,,,,2,,10,1,,,,,,13,1,,,,,,,,,46,1,,,234,2,50,2,46,,,7,43,,,36,2,1,3,2,2,2,4,7,3,1,9,1,,,,,
7/12/2021,29,1764,7,,1,14,,,82,,,7,,4,2,,1,2,,,7,,1,,,,,,,,,2,,3,128,8,40,,118,,,11,26,,58,30,,,,,8,,,,5,,8,1,,,,,
7/13/2021,8,1797,8,,,4,,,12,,,2,,2,1,,1,1,,,2,,,,,,,,,,130,,,5,186,3,31,,,,1,4,23,3,,26,2,5,27,,1,,,11,,,,,,,,,
7/14/2021,5,2229,,,1,15,,,118,,,4,1,3,,,4,,,,3,,3,,,,,,,,,,,4,73,2,133,1,115,,1,2,17,11,44,32,9,8,19,1,1,1,4,46,13,1,,,,,,,
7/15/2021,18,2691,22,,1,33,,,132,,,4,,3,,,,,,,1,,,1,,,,,,,41,,,,122,3,99,,,,,8,17,,22,48,17,11,17,1,13,1,17,30,4,1,,1,,,,,
7/16/2021,6,2420,15,,1,39,,,72,,,4,1,7,1,,16,,,,2,,,1,,,,,,,,,,33,166,2,158,,146,,1,1,49,8,57,44,9,19,,,13,2,3,15,,2,7,1,,,,,
7/17/2021,15,2786,13,5,1,33,,,107,,,3,1,4,,,,,,,1,3,,,,,,,,,134,,6,,124,15,180,,,,,8,42,,100,31,5,6,23,2,10,1,1,34,6,,,5,,,,,
7/18/2021,42,4692,13,2,,46,,,147,,,4,,4,,,5,,,,2,1,1,1,,,,,,,89,,,42,345,,101,,31,,,3,38,19,60,55,37,26,41,6,7,1,4,17,4,,,1,,,,,
7/19/2021,44,3074,4,,2,,,11,154,,1,17,,4,,,,,,,,1,,,,,,,1,,37,,1,,503,8,53,,,,2,8,41,8,34,41,19,15,28,2,6,,4,30,19,,2,1,,,,,
7/20/2021,46,3322,3,,9,61,,3,162,,,2,1,4,,,8,,,,1,,,10,,,,,,,46,4,1,,578,,66,,133,,,8,43,20,53,39,14,45,26,3,6,3,22,34,,,10,1,2,,,,
7/21/2021,42,3556,3,,18,,,,170,,,6,2,4,1,,5,,1,,,,,17,,,,,,,60,,1,30,964,10,109,,65,,,,39,12,38,26,7,32,18,8,12,5,22,35,6,,9,4,,6,,,
7/22/2021,50,4218,2,,2,27,,5,210,,,1,,7,,,,,,,,3,1,6,,,,2,,,432,,,,679,9,117,1,68,,1,15,38,11,5,21,26,45,63,4,5,,,65,8,,12,2,1,,2,,
7/23/2021,70,4913,,,3,47,,2,217,,,26,,4,,,11,,,,2,,,4,1,,,,,,602,,,212,608,15,129,2,95,,,2,12,13,51,30,47,34,58,6,4,2,37,20,,2,4,8,1,,,1,
7/24/2021,9,5396,4,2,21,36,,3,221,,,4,,,,,2,,,,,,1,27,,,,,,,1892,2,1,132,785,,75,,220,,,7,25,14,104,17,31,23,71,12,,2,8,61,,2,9,4,,2,,,
7/25/2021,15,4555,,1,11,16,,11,253,,,4,,6,1,,4,,,,,,2,14,,,,,,,,3,6,313,1249,27,90,,218,,,2,50,25,172,109,78,56,126,6,26,1,7,45,9,,10,4,,,,,
7/26/2021,81,5997,1,,10,61,,8,259,,,4,,,,,2,,,,,,1,29,1,,1,,,,,2,3,,733,13,135,,201,,,25,49,,12,46,48,43,,27,,9,7,37,,1,7,6,,,,,
7/27/2021,23,6318,,,11,26,,3,239,,,3,2,,1,,,,,,,,6,12,,,,,,1,75,1,5,144,166,3,303,1,63,,,43,73,13,26,60,45,71,52,8,,1,13,60,22,1,10,5,2,,,,
7/28/2021,74,4449,,,12,50,,11,271,6,,1,,,1,,,,,,,,2,13,,1,,,4,5,,,4,120,631,92,244,2,30,,,24,,,147,64,32,71,56,2,3,,25,84,12,2,6,1,,3,,,
7/29/2021,59,4592,,,6,54,,10,325,10,,1,6,,6,,7,,4,,,,10,44,,,,,1,,499,4,,139,1144,18,157,4,,,,10,31,21,18,52,63,39,185,11,35,2,3,,,4,13,4,,2,,,
7/30/2021,144,4282,,,9,65,,13,360,1,,6,2,1,1,,,1,,,,,,8,2,,,,,3,469,,6,88,1920,36,157,7,242,,,16,15,17,217,40,17,174,133,17,12,1,11,97,,,28,4,,,,,
7/31/2021,46,4180,,3,4,55,,10,456,3,,1,,,5,,13,,,,,1,13,32,,4,,10,2,,544,1,13,72,2075,,146,4,123,,,2,48,16,335,58,75,72,115,28,14,3,5,,,,19,12,1,,1,,
8/1/2021,81,4052,1,,,,,11,425,7,,5,,,8,,3,,,,,,14,15,,3,,,,1,569,1,6,102,2179,31,86,3,,,,21,50,24,298,49,32,100,184,16,20,4,3,82,53,,41,2,7,4,4,,
8/2/2021,159,4264,1,2,3,76,,19,380,,,3,3,,9,,21,,,,,,4,14,,,,6,13,,445,,7,,949,31,77,10,79,,,17,50,18,286,25,46,221,132,21,8,2,19,,,,11,12,,,2,,
8/3/2021,98,4171,1,,2,66,,12,364,3,,23,,,3,2,12,,3,,2,,9,29,,4,,3,7,,566,6,39,298,1606,33,141,7,,,8,26,72,16,189,60,72,120,81,18,5,,29,98,33,1,16,16,4,,3,,
8/4/2021,24,3300,3,,1,93,1,10,389,4,,15,1,2,17,,6,1,,,,,19,15,,3,,2,,,427,5,10,194,2143,,156,14,,,2,24,60,,150,61,161,150,,23,6,1,29,24,49,,10,5,2,1,5,,
8/5/2021,69,3886,1,,,92,1,9,358,21,7,10,2,2,2,,,,,,2,,6,32,,1,,,,,715,7,24,235,822,9,114,6,169,,5,21,58,12,96,55,75,52,112,35,8,1,32,36,20,1,,7,,,11,,
8/6/2021,116,4060,,,2,138,,11,554,5,8,5,2,,9,,21,,,,,,2,17,,2,,,8,,859,2,24,102,1169,62,141,13,253,,11,47,63,17,269,43,66,94,,19,5,4,25,52,,,12,4,,1,3,,
8/7/2021,10,3930,1,,,,,10,709,11,4,7,,,4,,,,,,,,,,,,,20,2,,367,6,17,134,882,,60,6,165,,4,31,62,17,167,78,61,141,288,17,2,12,22,49,,5,9,7,,1,15,,
8/8/2021,114,3898,1,1,1,130,,6,614,3,1,14,2,,4,,,,2,,,,23,41,,,,2,,,724,2,4,,3210,67,92,8,,,3,15,57,18,201,42,46,71,,14,5,21,85,20,94,6,14,7,,,1,,
8/9/2021,78,3991,,,,60,,11,538,12,2,18,,,,,12,,,,1,,27,3,,,,1,10,,287,1,14,290,2887,15,77,15,251,,1,37,57,20,33,84,34,98,242,45,5,30,,,,1,18,14,,,3,,
8/10/2021,61,3956,,,,74,,8,732,8,4,11,,,,,128,1,,,2,,5,55,,,,2,,,890,4,43,102,1325,8,101,15,100,,12,53,52,29,,37,63,106,109,,,18,61,107,64,2,19,17,,,1,,
8/11/2021,40,3416,,,,56,,4,979,4,,14,1,,13,,16,3,,,,,1,,,1,,19,,,963,2,,263,1897,,191,9,177,,,39,63,12,102,66,68,103,181,10,19,,19,,,1,,,,,,,
8/12/2021,78,3841,1,,,78,,2,1071,1,6,16,,,6,,14,2,,,,,20,30,,,,,1,,354,3,9,79,3028,91,132,8,212,,1,16,,23,172,46,31,128,,20,6,22,24,34,20,1,14,6,1,,5,,
8/13/2021,97,3531,1,,,58,,4,808,4,,10,4,,4,,14,1,,,,,31,7,,8,,,,,623,5,18,61,2816,140,152,15,,,,61,71,8,243,64,28,142,69,12,7,2,7,,,1,3,16,,,4,,
8/14/2021,40,4231,,,,87,,,1023,3,2,35,2,1,3,,12,8,,,,,57,26,,4,,17,,,653,3,70,97,2029,16,118,,461,,2,33,57,32,164,40,36,164,77,23,5,14,22,40,,2,,,,,1,,
8/15/2021,39,4516,1,,,83,,26,546,5,2,34,,21,2,,27,,,,1,,8,,,8,,,1,,514,,8,159,2358,,271,14,209,,18,34,,19,166,27,39,170,16,22,4,11,22,60,82,6,10,13,,,2,,
8/16/2021,50,3341,,1,,96,,11,588,1,,4,4,11,6,,24,6,,,,,60,11,,,,2,3,1,599,2,25,52,2522,71,158,17,152,,2,87,131,32,262,62,33,86,,3,6,8,27,,75,4,6,,,,2,,
8/17/2021,61,3559,,,,124,,11,298,,1,5,3,20,12,,16,,,,,,1,24,,5,,,,1,581,3,26,88,3332,79,170,19,411,,4,33,76,31,139,71,55,172,79,12,3,3,11,10,44,2,,,,,,,
8/18/2021,46,3731,,,1,134,,53,443,,1,9,1,7,6,1,59,,,,,,17,5,,12,,2,1,,428,1,7,104,2513,,31,8,282,,4,105,61,169,86,65,20,91,,15,,6,8,72,,2,16,13,,,8,,
8/19/2021,53,4425,,,,164,,24,657,2,1,16,1,4,6,,45,4,,,7,,,,,9,,26,2,,545,2,,102,3255,51,185,7,478,,,70,60,17,151,44,43,134,,24,8,,7,,,,6,,,,4,,
8/20/2021,72,3375,1,1,,167,,17,686,,,9,7,10,3,,61,,,,18,,61,56,,1,,2,2,,495,4,10,122,4223,47,156,15,367,,1,111,23,14,147,27,29,147,57,14,11,4,4,59,,7,,,,,7,,
8/21/2021,76,4084,,,,197,,32,551,1,,3,7,3,3,,60,1,1,,2,,6,32,,,,,2,,393,,11,83,6623,24,109,3,589,,,71,,43,76,45,43,100,57,,8,10,4,42,,6,12,,,,4,,
8/22/2021,11,4193,,,,183,,16,849,,1,3,5,11,,,68,,,,6,,,12,,3,,15,,,365,,10,83,3795,39,142,20,709,,6,69,49,15,160,38,47,97,107,20,,,5,,138,10,7,39,,,,,
8/23/2021,40,4251,,1,,152,,8,623,,,,,2,1,,111,,,,9,,17,128,,,,21,6,,388,5,5,17,3183,34,100,4,459,,,75,10,57,242,43,36,85,154,19,13,1,4,65,,1,,7,,,6,,
8/24/2021,66,4627,,1,,153,,11,799,,,1,7,3,5,,28,,,,3,1,13,21,,9,,9,,,393,7,3,105,3628,6,162,10,93,,,42,11,61,203,24,56,72,64,5,20,5,4,12,42,1,9,,,,2,,
8/25/2021,96,5294,,,,162,,9,618,,2,2,,3,3,,95,,,,,,,40,,,,4,,,460,7,,119,4129,24,93,15,319,,,50,5,23,150,27,106,90,75,18,7,,6,,4,28,4,5,,,1,,
8/26/2021,50,3934,1,1,,144,,8,743,,,7,6,1,9,,43,,,,2,,24,10,,2,,10,,,449,4,8,42,4868,20,116,9,354,,,131,12,112,131,24,48,72,44,15,13,1,5,55,9,1,,8,,,23,,
8/27/2021,77,5383,,4,,202,,5,996,1,,9,,2,28,,57,,,,2,,70,63,,13,,3,5,,454,3,4,132,8695,19,122,6,312,,,91,14,28,131,21,87,72,59,29,17,,6,31,8,8,15,,,,125,,
8/28/2021,61,5481,,,,109,,13,797,,,15,3,2,22,,70,,,,1,,24,60,,,,,,,451,13,2,,4049,13,143,6,241,,,20,6,77,92,16,49,37,35,11,13,4,6,25,16,5,11,8,,,90,,
8/29/2021,133,4957,,,,106,,3,377,,,14,,,11,,50,,,,,,7,52,,,,11,2,,533,12,3,234,5414,20,93,2,155,,2,103,5,29,92,21,78,37,55,13,18,6,6,22,,5,11,2,,,58,,
8/30/2021,110,5889,2,,,54,,10,491,,,30,,2,18,,68,,,,,,40,24,,6,,2,,,524,3,,56,6050,36,37,4,221,,,90,7,73,126,14,46,36,33,20,15,3,7,11,19,1,4,5,2,,30,,
8/31/2021,77,5444,,,,123,,3,634,,,40,5,1,8,,81,,6,,,,25,17,,3,,6,2,,587,5,3,118,4530,14,138,2,214,,,17,7,99,66,23,59,53,64,8,22,4,6,13,,,11,4,2,,47,,
9/1/2021,51,5368,,,,55,,3,759,,,18,4,3,,,57,10,,,,,17,20,,20,,12,,,594,4,4,85,3440,18,75,1,194,,,70,7,106,112,23,53,42,29,15,,,6,17,20,6,5,3,,,103,,
9/2/2021,48,5963,,,,42,,4,803,,1,19,6,3,50,,66,2,,,3,,25,34,,,,,,,583,8,,62,4504,7,102,,290,,,51,5,122,58,6,34,42,57,20,70,,2,8,13,11,2,4,,,56,,
9/3/2021,58,8499,,,,81,,3,986,,,24,,1,15,,37,2,,,1,,,,,,,,,,564,2,10,267,3676,5,82,5,154,,,62,8,104,61,19,75,10,39,17,8,,,5,,4,1,9,,,,,
9/4/2021,52,4104,,,,47,,,992,,1,23,1,3,8,,32,,,,,,22,73,,,,9,,,544,15,12,137,2485,14,120,1,148,,,35,7,125,51,29,99,76,39,7,62,5,3,2,21,6,,1,,,110,,
9/5/2021,53,6226,,,,64,,1,1243,,,25,3,5,4,,48,,,1,1,,,,,4,,2,,,756,2,,91,3540,33,78,1,133,,,73,20,345,74,24,47,100,51,13,22,5,1,5,,6,,1,,,,,
9/6/2021,42,7122,,,,63,,2,871,,,31,,7,11,,12,,,,1,,14,79,,,,2,,,857,9,13,134,2194,20,95,,234,,,87,9,201,97,34,48,70,22,9,28,4,3,4,13,10,,3,1,,21,,
9/7/2021,36,7310,1,,,34,,10,945,,,37,3,4,7,,18,,,,1,,9,,,8,,7,,,490,2,,164,3966,8,71,,183,,,87,7,242,61,25,46,74,31,11,48,1,1,2,,7,2,51,1,,182,,
9/8/2021,40,7308,1,,,30,,2,814,,1,19,1,5,,,42,,,,,,9,24,,,,2,,,372,18,3,52,3172,11,62,1,171,,,46,,43,48,19,26,83,42,27,61,,2,6,13,5,1,28,,,53,,
9/9/2021,35,5549,4,,,35,,10,880,,,6,,2,15,,8,,,,,,2,61,,1,,,,,412,12,8,161,4531,1,41,,115,,,28,,135,77,15,44,53,16,29,20,,1,12,9,4,,19,,,50,,
9/10/2021,29,7539,1,,,30,,16,823,,,45,,,5,,16,,,,,,8,26,,,,3,,,321,26,2,248,3563,2,58,,156,,,19,3,86,34,13,34,37,11,15,58,5,3,6,,,,17,,,48,,
9/11/2021,35,5629,3,,,19,,14,960,,,32,,2,3,,6,,,,,,1,18,,,,16,,,337,4,2,137,3971,2,34,1,147,,,107,,165,46,17,31,46,32,19,31,,5,1,11,,,5,,,38,,
9/12/2021,20,6158,1,,,12,,12,974,,,30,,,12,,2,,,,,,,12,,,,,,,285,8,,93,3188,7,49,,628,,,62,1,117,46,14,16,68,46,16,33,2,2,3,,22,,17,,,61,,
9/13/2021,41,5446,,,,13,,7,768,,,13,,,7,,9,,,1,,,18,28,,,,,,,327,6,2,142,3651,4,59,,161,,,44,5,77,44,7,38,68,16,5,42,,5,5,11,21,,20,,,57,,
9/14/2021,21,6312,1,,,11,,14,777,,,9,,,6,,2,,,,,,11,10,,,,,,,379,34,,75,2178,5,32,,102,,,111,3,157,44,2,5,40,14,34,54,1,5,13,,8,,26,,,,,
9/15/2021,14,5301,3,,,9,,9,808,,,15,,1,7,,2,,,,,,10,,,,,,,,424,13,,48,3228,,45,,93,,1,59,3,183,33,14,19,53,18,31,27,1,8,9,,10,,26,,,58,,
9/16/2021,15,5735,1,,,2,,6,567,,,14,,1,6,,4,,,,,,3,26,,,,,,,281,7,2,58,2998,5,33,,81,,,126,,198,37,9,29,60,29,22,30,1,12,7,7,9,10,8,,,43,,
9/17/2021,15,5972,,,,8,,1,345,,,52,,,3,,9,,,,,,3,,,12,,,,,273,14,1,114,4013,,35,,118,,,106,3,180,35,10,18,50,12,9,21,3,13,1,6,3,11,,,,37,,
9/18/2021,19,4237,,,,,,3,939,,,23,,,4,,4,,,,,,1,91,,9,,,,,236,8,,66,2877,5,30,,197,,1,143,,168,28,8,21,43,10,45,10,1,14,1,,3,,70,,,45,,
9/19/2021,20,5496,1,,,2,,13,953,,,24,,1,2,,,,,,,,,,,5,,,,,249,3,,53,2332,8,6,1,102,,,287,2,151,37,13,7,52,84,30,15,,15,6,,18,11,11,,,15,,
9/20/2021,9,5171,,3,,3,,3,869,,,16,,1,2,,,,,,,,5,113,,1,,,,,268,8,1,32,1410,1,19,,211,,,100,4,175,19,15,28,48,7,23,5,1,9,1,5,10,10,27,,,35,,
9/21/2021,12,6521,,12,,15,,2,590,,,9,,,4,,3,,,,,,,10,,,,,,,254,4,,59,3609,1,27,,105,,,121,6,134,18,10,15,43,13,22,11,3,11,1,,14,6,10,,,12,,
9/22/2021,7,5435,,20,,10,,,930,,,6,,,2,,1,,,,,,9,,,9,,1,,,191,8,,48,4179,4,18,,89,,,186,,137,21,14,9,48,8,43,26,3,15,3,,2,2,20,2,,19,,
9/23/2021,5,5052,,14,,3,,5,760,1,,4,,,1,,,,,,,,9,25,,2,,,,,190,7,2,86,2764,2,19,,67,,,109,,163,20,6,7,53,3,9,8,,9,,,7,,33,,,20,,
9/24/2021,5,3786,,15,,4,,,803,,,7,,,1,,1,,,,,,4,33,,4,,,,,194,1,,53,2978,1,40,,112,,,90,11,203,19,9,24,57,13,18,2,,16,3,,6,4,4,,,9,,
9/25/2021,4,4046,,66,,11,,,996,,,2,,,2,,4,,,,,,1,9,,7,,,,,193,4,,41,3629,1,6,,81,,,117,3,91,25,10,9,48,4,39,147,,13,13,42,4,,6,,,8,,
9/26/2021,2,5121,,49,,8,,2,746,,,3,,,2,,3,,,,,,2,49,,4,,,,,171,5,17,37,3332,,10,,63,,,81,3,99,38,7,9,52,5,14,27,2,12,,,3,6,3,,,24,,
9/27/2021,1,4134,,35,1,1,,3,616,,,3,,,1,,3,,,2,4,,,,,3,,,,,190,,2,80,3793,2,14,,58,,,131,3,73,26,11,32,56,4,21,1,,9,2,,4,,3,5,,15,,
9/28/2021,6,3794,,11,,2,,2,787,,,5,,,,,,,,2,1,,,14,,4,,,,,159,1,,55,2575,7,7,,38,,,232,8,70,35,3,48,52,3,5,15,,16,2,,10,11,5,,,15,,
9/29/2021,4,4699,,36,,1,,,899,1,,2,,,,,,,1,,,,,15,,16,,,,,132,22,5,23,2389,3,1,,68,,,63,7,82,32,2,29,42,2,11,,,14,3,112,12,,3,,,13,,
9/30/2021,1,4372,,45,,2,,,626,,,10,,,1,,13,,14,,,,2,64,,2,,,,,125,3,,39,2103,1,9,1,49,,,172,6,79,30,4,38,41,6,7,16,5,15,3,,,,10,2,,21,,
10/1/2021,8,3670,1,50,,2,,1,735,,,6,,,5,,1,3,2,,2,,,,,16,,,,,107,13,6,50,1787,,13,3,71,,,116,4,81,15,6,61,30,13,13,11,,15,3,,1,,3,,,17,,
10/2/2021,14,2723,1,42,,1,,,509,1,,12,,,,,10,2,5,2,6,,,59,,13,,,1,,107,3,1,20,1517,1,6,,36,,,139,4,77,36,2,47,23,3,5,2,1,16,,,3,5,7,,,15,,
10/3/2021,4,2461,,39,,1,,,824,,,3,,,,,11,,1,,1,,1,17,,15,,,,,85,4,1,54,1283,2,35,3,13,,,147,4,75,50,5,73,33,13,8,12,2,12,5,,24,20,6,1,,19,,
10/4/2021,8,2490,,36,,1,,,701,1,,17,,2,2,,10,3,2,,1,,,,,9,,,,,90,9,1,20,1210,10,33,,52,,,222,7,69,53,5,48,27,25,14,,,12,12,118,36,,8,,,18,,
10/5/2021,3,1491,,28,,2,,1,653,1,,15,,,,,16,4,2,,2,,2,8,,13,,,,,84,39,3,35,1107,10,67,2,59,,,172,10,77,39,1,149,47,47,18,17,2,18,16,,32,48,3,2,,15,,
10/6/2021,9,1960,,25,,1,,8,534,,,7,1,,2,,5,2,,,,,5,58,,,,1,1,,74,32,20,41,852,52,47,1,72,,,180,20,79,47,1,60,44,17,18,5,,14,21,,22,,7,4,,7,,
10/7/2021,3,1730,,24,1,1,3,4,589,,,13,,1,5,,1,4,1,,1,,,36,,22,,,,,84,22,13,84,840,21,45,4,56,,,186,10,83,51,1,32,30,19,2,2,,11,10,,36,30,14,9,,13,,
10/8/2021,5,2215,,22,,,1,3,612,3,,13,,,15,,17,1,1,,,,,,,8,,3,3,,66,10,39,92,828,16,51,7,74,,3,182,14,89,55,7,58,48,19,18,13,29,6,14,,49,39,15,6,,4,,
10/9/2021,1,1662,,24,1,,,,575,,,15,,,7,,,1,2,,,,13,85,,18,,,,,61,14,65,57,820,8,81,6,44,,2,308,11,113,41,,122,18,14,5,9,5,12,7,192,54,27,4,3,,5,,
10/10/2021,1,1067,,22,5,2,,3,662,2,,12,,2,14,,,,,,,,2,,,14,,1,,,77,38,25,59,782,29,39,1,64,,,128,10,94,40,5,109,41,6,7,16,,12,12,,48,30,11,1,18,,2,
10/11/2021,1,1527,,21,1,,,,499,2,,38,1,4,2,,27,1,,,1,,,119,,2,,3,1,,76,14,13,55,446,48,55,4,67,,,142,12,91,26,1,45,47,16,21,6,26,9,40,,51,32,9,10,,5,,
10/12/2021,4,1018,,18,,4,,3,501,2,,11,,7,8,,,,,,1,2,8,,,5,,,,,70,51,48,112,447,28,87,4,20,,1,111,10,76,38,5,72,28,7,12,9,7,8,9,,37,31,5,4,,9,1,
10/13/2021,29,1162,,18,2,,,29,486,,1,19,,5,5,,12,4,,,,,3,113,,7,1,3,1,,59,45,60,51,501,46,87,4,74,,,121,15,76,39,3,55,17,18,13,3,8,7,11,,41,31,9,4,152,7,1,
10/14/2021,1,909,,15,1,1,,17,647,,1,10,,4,6,,7,,1,,,1,3,44,,,,,,,59,6,,274,483,21,49,2,72,,7,104,14,80,35,2,61,20,11,8,10,28,6,12,1059,,36,12,1,,7,,
10/15/2021,1,1131,2,15,,,2,11,586,1,2,7,1,,27,,25,,5,,1,,22,,,13,,9,,,47,40,30,64,533,18,78,4,70,,1,170,15,82,28,2,,43,12,9,11,8,9,12,414,168,34,8,4,,12,2,
10/16/2021,23,790,1,10,,,,71,397,1,,29,,4,39,1,25,5,1,,,,5,84,,9,,4,,1,70,31,34,101,385,41,97,1,121,,,130,15,93,42,1,116,42,11,8,,11,8,4,142,93,38,10,30,34,2,,
10/17/2021,10,1059,,22,,,,19,517,4,2,28,1,1,25,2,14,,8,,,,2,22,,1,1,,,,54,12,24,156,537,14,38,4,46,,3,117,15,93,40,3,38,29,10,8,12,4,9,7,64,48,27,6,5,9,5,,
10/18/2021,6,968,,20,,,,45,393,,3,19,,4,42,,25,22,58,,,,12,46,,8,6,,1,,68,48,40,18,439,33,61,,94,,,109,14,99,31,6,28,27,8,15,9,,6,9,174,77,28,4,20,1,15,,
10/19/2021,11,907,,21,,2,1,12,371,3,1,11,,5,23,1,6,3,59,,,,2,,,3,,2,4,,51,41,33,104,500,45,65,4,79,,1,134,15,92,38,3,16,24,5,10,3,34,6,12,200,39,14,5,,,5,1,
10/20/2021,10,1347,,19,1,8,2,24,305,2,,17,,13,25,1,33,3,50,,,,11,77,,23,1,2,,,72,99,93,52,492,38,24,1,65,,3,194,14,87,39,1,50,44,13,16,13,,5,18,100,46,23,4,12,40,3,,
10/21/2021,9,1255,,10,2,,,10,390,1,1,10,1,6,21,,29,12,35,,2,2,,,2,3,,5,,1,70,102,43,185,483,57,34,3,82,,,174,15,92,40,4,78,23,18,36,14,8,5,7,109,80,18,11,6,3,11,,
10/22/2021,8,1205,4,21,,,2,9,417,,7,10,,5,37,,57,17,54,3,3,,26,266,,,1,1,1,,72,83,69,147,471,76,33,4,61,,3,220,14,80,43,,74,17,12,11,5,13,7,14,148,52,17,3,22,18,34,,
10/23/2021,7,749,,5,,2,,13,605,,6,12,,5,18,,23,3,75,1,2,2,34,,,7,1,,2,,68,130,53,90,517,58,32,1,156,,5,224,15,97,39,8,81,43,38,12,22,,7,10,,40,25,1,11,6,,,
10/24/2021,14,966,,6,,9,,17,429,2,,12,,8,38,,27,11,34,,3,,32,193,,2,2,,,,88,155,44,132,524,113,41,,78,1,,297,15,83,43,3,51,48,16,11,12,8,11,15,296,42,,5,10,68,11,2,
10/25/2021,18,969,,14,3,1,,12,458,1,1,8,2,5,21,,15,21,37,5,1,,23,33,,15,,,3,,74,156,52,163,517,60,19,3,111,,1,232,18,99,44,2,57,26,27,20,10,3,12,23,87,42,48,13,4,22,8,1,
10/26/2021,18,783,8,11,2,2,,28,481,1,,8,1,1,50,,59,26,33,,2,,12,162,,,2,4,,,66,106,46,120,528,108,17,,121,,,290,18,118,45,2,40,57,33,23,23,6,11,19,,32,27,7,2,28,3,2,
10/27/2021,26,1140,,12,,3,,92,499,,1,21,,4,45,,19,28,18,1,14,1,14,254,,6,,,1,,81,242,32,202,521,82,49,1,127,,1,221,18,150,44,1,97,98,17,3,19,,14,14,98,,42,6,6,19,,,
10/28/2021,31,1069,2,21,7,4,1,129,745,,,9,1,12,22,,43,38,81,1,3,,31,80,,7,,,,1,93,,58,190,618,92,26,,139,,2,286,25,160,30,10,116,138,19,5,,20,22,39,128,78,39,6,6,184,9,,
10/29/2021,37,977,1,13,1,2,,38,697,2,4,7,,7,16,,25,14,46,6,12,2,17,90,,,,1,3,,91,398,61,180,697,59,60,1,75,,,320,37,249,30,3,68,101,,17,20,2,,34,151,65,42,6,12,60,32,,
10/30/2021,56,1042,2,20,6,2,,19,679,,3,8,,22,15,,23,24,34,1,5,3,27,146,,10,,,,,106,404,69,203,665,82,67,4,223,,,231,35,298,26,10,79,95,25,16,23,7,69,46,190,40,42,7,7,,5,3,
10/31/2021,46,1041,,22,,4,,18,688,2,2,7,1,33,23,,19,6,35,,20,2,17,157,,14,,,3,,109,415,63,110,672,83,83,,222,,,342,36,295,21,3,130,130,64,15,49,,58,54,180,60,38,,,103,9,,
11/1/2021,57,927,,23,3,,,14,657,,1,14,,50,34,,22,10,70,,9,,22,164,1,2,2,,,4,100,382,18,157,682,72,89,3,163,,4,215,50,469,21,5,167,149,109,9,72,25,62,37,194,68,47,,29,98,13,,
11/2/2021,56,682,2,21,3,7,,11,858,4,,9,,115,45,1,36,7,59,3,17,4,10,80,,,2,2,,8,116,316,74,131,780,67,91,2,202,,1,314,50,421,26,,164,146,67,40,13,20,89,47,165,62,46,11,10,93,7,,
11/3/2021,76,985,1,11,1,4,,90,905,11,5,29,5,48,29,25,20,9,50,4,32,6,35,98,1,11,,8,9,1,119,290,45,272,773,36,97,1,207,1,2,312,67,374,27,10,136,152,82,50,70,18,95,52,193,,40,10,9,118,8,,
11/4/2021,100,981,26,21,2,13,,42,939,5,1,11,,51,36,24,,3,67,4,68,2,26,210,,,3,,,14,178,,29,240,948,123,97,4,263,,4,381,75,478,34,5,194,186,98,35,52,,78,,198,51,45,17,,110,4,,
11/5/2021,91,912,22,13,,14,,23,953,4,2,26,3,46,49,13,51,37,39,16,43,3,7,135,,4,2,2,5,5,140,468,94,305,917,86,166,13,163,1,1,411,92,477,44,3,298,199,74,18,107,30,55,90,193,241,49,76,7,138,4,6,1
11/6/2021,116,986,16,18,16,21,1,27,1085,10,6,18,11,53,37,23,48,29,71,43,44,10,63,73,1,,1,,2,1,142,265,63,267,921,73,198,16,229,,,490,97,475,50,1,205,201,96,11,,27,49,84,203,318,,,3,146,13,7,
11/7/2021,72,1009,11,13,3,18,,8,997,13,1,41,,51,45,14,50,46,51,21,70,1,29,151,2,5,,1,,3,119,298,29,393,826,75,289,21,233,,,427,128,398,60,13,279,210,150,46,114,20,48,64,238,184,56,44,13,116,13,,1
11/8/2021,111,1316,18,9,9,21,,14,969,11,1,14,,68,27,4,58,67,57,10,56,16,14,133,,,2,11,2,16,136,229,59,354,823,51,351,17,392,,,531,149,363,80,7,267,178,149,50,79,29,52,69,,222,54,60,4,133,30,2,
11/9/2021,268,1276,17,6,15,32,,39,923,4,7,39,,46,24,6,50,20,26,7,31,4,32,197,3,6,2,2,,,93,232,44,241,619,180,379,3,207,,,557,154,291,99,10,279,163,154,65,108,20,49,50,572,285,58,,4,127,2,2,
11/10/2021,80,1414,23,6,4,26,2,19,848,18,1,57,9,23,33,6,51,29,45,,36,1,6,181,1,11,8,,5,2,132,234,61,435,627,74,274,44,396,1,,450,157,327,122,16,287,139,191,39,131,,50,87,298,180,63,36,11,94,13,2,2
11/11/2021,154,1185,14,2,5,13,1,27,930,26,,41,20,68,49,15,32,59,61,24,26,,41,162,1,18,1,4,4,5,130,291,43,656,615,121,352,9,417,,,595,159,399,128,16,237,55,185,63,108,54,35,64,,181,68,60,4,97,15,,
11/12/2021,176,1388,18,11,3,34,,45,813,30,54,38,6,49,37,2,47,27,34,23,42,16,44,,2,29,2,5,,2,110,252,23,517,654,85,383,18,634,,,661,284,403,170,8,287,178,177,57,99,54,47,84,298,258,101,60,2,62,33,,
11/13/2021,152,1240,7,5,5,26,,27,743,21,79,35,,35,30,20,100,31,39,13,38,11,75,126,,15,,1,4,2,79,188,35,593,631,120,459,24,356,,2,547,292,181,209,17,265,81,224,126,198,61,39,99,296,271,67,39,2,57,9,,4
11/14/2021,88,985,,21,,18,2,43,674,,134,39,9,32,47,20,44,36,46,37,41,,93,228,,35,27,,9,4,95,273,36,332,623,134,382,1,274,,,695,288,274,209,16,369,146,204,30,184,,37,98,299,243,69,52,,56,29,,3
11/15/2021,239,1165,22,19,8,13,1,41,558,45,92,31,9,70,21,11,,10,17,23,38,5,81,,1,,35,,17,1,136,298,25,579,616,179,383,24,500,1,,660,289,329,111,24,342,125,178,55,187,68,39,90,305,215,87,51,4,117,12,,1
11/16/2021,158,1183,9,7,11,34,1,61,631,29,106,32,9,81,52,8,145,73,14,15,60,,70,88,2,22,27,1,,2,100,328,50,683,607,194,392,7,671,,2,482,291,324,150,11,1048,158,300,48,199,84,35,185,343,340,96,44,3,122,18,,4
11/17/2021,218,1337,12,18,11,37,,70,664,81,60,36,,107,29,3,77,51,17,79,79,7,96,188,6,15,25,,19,3,153,323,,376,601,152,489,14,526,,1,527,290,396,144,13,489,145,428,87,217,,34,180,364,233,94,32,7,134,29,,16
11/18/2021,202,1609,10,12,56,26,1,73,563,16,85,51,6,78,46,59,61,47,15,31,49,5,91,118,2,5,25,8,,1,82,314,68,632,686,194,515,31,622,,5,510,314,304,135,25,333,130,423,82,189,95,45,184,343,158,122,41,2,235,20,,19
11/19/2021,287,1339,8,13,32,26,5,62,578,20,99,41,6,75,45,17,100,53,23,49,22,1,82,,4,30,29,,6,4,112,425,44,599,661,194,509,,382,1,,365,303,307,154,11,370,247,444,60,183,80,39,162,376,270,123,37,,83,16,,4
11/20/2021,234,1046,4,23,53,44,1,40,621,11,51,42,7,98,58,23,66,68,33,13,44,14,96,205,3,35,28,11,2,4,112,345,103,495,669,281,515,12,243,,6,329,297,246,158,20,407,201,370,61,256,106,51,131,391,342,188,86,,84,25,,10
11/21/2021,216,1265,9,24,101,37,1,143,604,35,53,47,8,116,35,17,83,68,42,17,68,2,119,,4,14,29,,12,2,93,356,13,410,683,260,508,31,143,,,242,311,361,170,8,493,341,541,123,155,85,38,220,399,330,193,32,,121,42,,9
11/22/2021,260,1547,16,24,39,32,1,80,522,17,38,45,,181,57,28,70,52,9,36,16,5,111,166,11,26,29,2,,4,85,388,89,564,688,202,507,30,77,,4,243,307,221,168,32,370,535,399,116,277,134,59,312,398,242,194,59,11,161,,,3
11/23/2021,260,1204,16,22,70,65,1,95,571,19,50,65,10,99,52,4,92,40,27,44,24,2,160,75,35,15,28,3,6,2,145,474,45,600,28698,295,597,32,112,,4,320,505,350,172,51,493,354,709,111,509,65,57,236,395,252,195,56,6,79,46,,7
11/24/2021,274,1666,8,24,133,60,,97,580,24,45,50,,241,98,7,132,56,26,22,20,36,82,152,63,35,29,,5,8,90,418,29,754,696,299,625,22,60,1,1,181,482,369,183,33,470,766,586,133,145,24,47,300,425,224,198,94,5,144,,1,11
11/25/2021,264,1582,13,18,54,66,,92,543,5,60,39,13,122,69,17,118,42,34,19,20,2,96,93,64,26,28,9,5,10,110,617,128,683,678,294,609,26,123,,2,248,491,397,191,24,402,741,658,159,342,235,32,401,486,287,239,69,,135,91,,8
11/26/2021,253,1809,47,10,62,92,1,95,556,8,25,80,44,153,55,4,117,38,38,25,16,4,113,181,4,57,28,,18,22,75,566,21,655,707,309,601,19,123,,2,387,536,418,216,30,496,897,653,132,271,112,31,501,493,374,238,92,6,143,28,,7
11/27/2021,310,1773,22,2,104,66,3,59,567,39,32,56,28,137,55,9,124,29,33,15,9,22,106,,60,24,29,4,,54,109,574,109,3676,716,328,604,8,121,4,1,324,539,427,239,36,562,954,697,197,139,159,46,265,449,422,287,85,2,165,27,,10
11/28/2021,277,1454,27,16,58,66,17,64,553,41,34,31,,185,71,7,70,40,40,28,11,128,136,75,49,26,27,1,,58,101,512,88,692,705,,592,65,155,2,5,215,545,439,258,23,598,966,531,193,591,133,57,522,491,387,294,72,,85,21,,
11/29/2021,429,1554,22,11,50,65,17,84,548,69,7,47,20,145,87,4,143,55,54,9,11,36,119,,46,18,30,1,9,39,122,544,26,719,697,560,608,,50,,3,375,559,443,308,35,576,913,648,195,516,174,56,335,588,396,294,88,7,163,18,,13
11/30/2021,367,1497,18,16,35,75,23,47,514,62,27,71,20,85,89,3,90,64,39,33,7,154,119,140,37,36,29,1,1,57,80,537,101,727,626,165,602,78,200,2,2,294,571,426,350,44,592,981,860,186,459,219,61,439,714,377,286,124,8,65,17,,17
12/1/2021,467,1675,67,11,26,99,22,56,509,46,30,50,21,106,104,8,78,52,64,23,11,141,141,342,18,17,29,2,,79,82,402,47,729,642,240,610,31,142,,4,244,585,479,365,51,584,989,756,234,515,222,76,419,757,507,291,82,15,68,29,,15
12/2/2021,499,1738,55,5,24,82,8,66,475,39,26,38,29,94,94,1,69,63,20,16,19,37,143,58,47,14,33,2,,87,81,492,27,768,414,202,606,,176,1,7,271,594,405,394,44,502,985,637,169,472,197,68,507,747,496,296,86,5,120,15,,12
12/3/2021,791,1311,26,3,40,119,19,67,496,34,26,39,,127,73,2,133,38,45,7,26,198,950,171,23,,30,1,,98,112,334,48,779,302,226,608,45,117,4,7,285,564,350,450,37,581,982,560,204,477,98,82,571,791,489,192,138,16,120,16,,5
12/4/2021,455,1636,65,8,44,104,40,59,433,55,27,41,,119,103,,61,39,49,20,20,81,335,42,20,34,25,1,6,82,91,565,180,787,319,301,624,21,209,1,11,319,552,498,467,52,626,998,620,203,562,,76,762,,568,288,116,,140,25,,8
12/5/2021,400,1491,60,5,34,78,21,63,355,88,28,81,11,113,94,1,,47,45,62,12,91,305,,23,4,16,9,5,35,90,398,61,792,355,212,690,11,257,1,9,350,544,394,465,31,648,1132,710,428,547,84,75,630,775,444,295,102,13,160,25,2,5
12/6/2021,587,1174,63,5,41,125,26,60,308,48,29,63,34,136,82,2,,53,33,2,10,154,61,269,12,26,37,2,6,62,103,481,111,859,226,466,695,20,285,,7,345,535,364,461,59,485,1189,569,222,637,207,44,699,793,639,291,102,,100,51,,3
12/7/2021,737,965,42,9,51,141,25,53,272,32,18,40,,190,97,,179,31,32,37,19,156,306,131,33,25,4,2,,17,83,434,178,869,645,254,697,9,340,2,1,325,529,229,486,63,170,898,491,281,640,100,84,441,746,615,293,137,32,86,28,,5
12/8/2021,396,1475,72,5,37,169,16,66,461,44,33,44,,173,219,2,197,60,34,56,25,265,163,,10,14,14,9,,44,77,438,135,874,455,443,725,,307,1,7,279,525,422,489,67,262,676,539,234,747,181,87,740,781,511,248,100,,109,29,1,3
12/9/2021,822,1453,44,4,49,180,14,118,501,,64,21,49,154,142,6,139,49,14,28,20,58,150,317,21,2,9,3,32,28,79,427,187,895,489,295,730,28,568,3,5,300,568,314,494,106,249,670,576,345,631,210,89,517,789,720,275,54,15,66,114,,1
12/10/2021,637,1226,144,4,48,198,14,122,434,101,31,44,55,146,192,6,124,34,15,28,11,180,182,,48,29,6,8,,52,55,570,67,893,381,352,744,12,376,,22,355,556,328,587,74,219,675,381,232,579,186,88,712,894,822,335,54,,94,57,,
12/11/2021,548,1441,110,14,62,186,10,139,390,34,45,34,,213,148,6,92,25,27,69,10,212,240,,18,2,4,13,,40,71,505,177,903,418,456,750,7,545,1,14,368,576,409,794,45,317,689,498,286,1164,198,123,756,617,722,347,79,15,81,30,,11
12/12/2021,980,1216,92,10,32,442,18,74,366,42,45,44,28,189,109,4,63,32,20,25,9,123,359,315,13,36,10,21,,61,75,563,2,920,375,475,745,15,367,,,319,584,384,590,82,256,669,381,279,,194,94,722,524,675,338,74,,92,36,1,12
12/13/2021,1000,915,134,20,58,205,4,103,329,56,54,122,96,194,182,1,145,30,15,49,17,183,346,,40,5,12,16,,32,72,334,211,919,304,476,740,8,322,,9,422,581,328,594,51,268,680,371,395,998,165,81,867,466,793,306,103,8,81,30,1,2
12/14/2021,837,991,96,14,29,177,2,80,336,45,45,150,25,225,121,8,67,44,28,62,11,382,394,178,13,35,3,23,32,34,80,475,141,931,352,465,734,14,402,,8,300,596,296,597,64,211,692,258,468,907,193,45,573,436,1011,295,83,12,55,9,1,12
12/15/2021,1024,1270,96,11,33,236,3,115,464,41,62,60,50,300,129,4,113,36,41,49,16,116,329,51,52,3,12,23,,33,82,505,164,922,371,360,732,9,411,1,7,294,594,353,593,135,266,720,238,190,316,257,51,1035,579,1072,341,49,23,53,26,1,
12/16/2021,423,1175,46,19,21,212,4,106,479,,52,179,95,252,157,2,83,29,24,117,19,330,253,152,34,31,25,25,,39,65,516,128,19724,275,421,795,10,330,2,7,387,597,267,598,75,150,728,260,338,880,181,49,760,334,1339,313,24,4,69,49,1,
12/17/2021,535,1040,60,25,50,194,21,97,338,74,59,75,99,255,184,,88,82,17,82,25,24,139,83,22,69,10,41,27,48,71,569,109,940,209,484,804,8,332,,5,313,598,272,597,158,141,715,258,385,817,255,54,1246,520,1071,284,63,,45,23,,6
12/18/2021,1244,1019,63,24,86,193,5,86,319,43,70,121,,249,192,2,99,67,36,63,23,208,361,,57,34,16,44,25,28,57,475,119,941,167,454,785,5,264,,13,374,595,398,601,94,328,749,270,279,715,225,40,826,447,1341,340,72,20,59,47,2,4
12/19/2021,1405,1014,80,22,67,143,14,69,417,59,44,137,54,219,186,5,124,67,26,139,41,417,362,239,7,18,16,17,,31,69,537,108,941,245,493,780,37,277,,11,344,593,312,599,96,135,793,221,434,559,245,51,838,425,1345,3,51,,67,37,1,7
12/20/2021,1612,687,276,21,44,142,10,129,284,31,46,31,52,212,246,3,116,45,16,136,21,95,228,,59,24,9,34,39,10,46,552,97,947,155,329,786,16,347,,3,270,596,302,709,237,222,773,273,411,78,174,50,985,448,967,342,63,12,85,29,1,3
12/21/2021,1704,813,259,26,80,169,12,120,284,41,39,245,62,202,364,2,153,67,45,91,26,235,370,139,32,37,8,24,17,23,51,507,9,939,134,485,788,14,390,,8,250,599,276,798,55,248,797,378,429,52,254,49,606,349,1590,325,108,14,91,24,2,8
12/22/2021,1646,979,261,24,62,171,7,85,265,67,72,194,90,246,196,,121,54,39,134,30,449,351,297,32,53,21,5,,28,71,678,180,923,149,515,784,,199,3,10,291,846,275,798,129,259,757,297,359,61,295,55,466,383,1193,343,71,10,100,34,1,8
12/23/2021,1774,787,267,42,46,195,16,96,232,59,39,132,37,226,306,3,148,83,51,156,34,252,395,91,34,83,5,9,,61,60,689,182,949,118,527,787,28,282,4,18,322,855,256,797,134,288,792,344,555,31,251,61,436,296,1167,221,55,12,107,37,3,44
12/24/2021,1834,679,296,48,104,140,14,119,354,44,61,90,34,289,222,4,114,121,59,98,31,19,399,263,48,70,28,19,,37,74,507,216,948,94,568,782,35,146,2,12,299,868,353,785,353,185,785,359,543,40,229,51,263,323,1334,78,79,48,86,42,7,10
12/25/2021,1879,885,271,68,91,211,14,84,274,109,37,47,,252,153,2,95,123,48,183,61,425,395,,37,148,17,38,,64,50,612,166,946,108,564,789,,326,,14,289,875,282,793,192,242,702,297,387,27,221,33,203,279,835,93,53,,104,32,7,27
12/26/2021,1910,544,238,79,104,116,15,137,206,108,57,126,35,267,341,4,159,96,52,120,40,267,375,270,26,35,6,19,,27,68,489,113,928,230,572,781,15,129,3,7,252,889,230,763,2,164,715,155,800,40,253,39,430,281,579,42,79,137,120,66,8,24
12/27/2021,1948,560,234,98,85,86,21,96,216,,42,201,,326,249,9,93,78,50,103,40,931,381,134,45,53,28,126,,59,45,595,136,943,77,544,701,18,134,,19,213,892,204,791,112,140,711,162,501,30,263,56,281,223,433,63,98,24,122,14,8,22
12/28/2021,1920,671,195,96,97,135,18,82,124,260,59,140,59,434,346,4,79,85,57,182,43,597,362,60,50,50,25,51,,48,57,485,128,923,109,585,610,8,188,5,18,191,911,250,790,15,286,763,,436,24,365,47,72,229,184,95,47,52,140,23,12,44
12/29/2021,1766,702,249,92,98,180,21,291,213,,42,119,,263,206,7,88,85,51,158,81,271,390,213,52,106,37,58,120,54,59,593,128,938,119,337,595,12,214,,37,172,917,185,793,686,159,137,52,432,55,347,57,92,200,35,132,120,40,174,31,5,7
12/30/2021,1866,697,211,98,96,185,14,233,160,299,58,141,103,289,182,17,123,102,104,165,46,838,439,69,47,59,21,129,160,50,53,666,155,935,96,579,590,,203,1,44,262,586,203,788,289,277,287,180,620,759,477,57,196,180,3876,153,100,,160,13,4,58
12/31/2021,1914,557,241,96,82,154,23,188,178,29,65,195,35,269,174,14,109,119,33,155,85,520,404,78,97,,28,170,149,38,63,541,148,776,107,571,570,27,247,,70,296,1080,163,799,,217,293,152,655,1003,259,47,367,215,1063,195,100,20,150,36,2,45
1/1/2022,1748,569,245,88,96,188,18,181,203,,37,145,30,368,210,29,143,93,55,254,69,116,350,40,62,47,11,67,72,58,51,399,145,947,105,563,405,8,195,25,31,265,1223,247,785,283,211,276,104,521,728,265,61,161,180,498,170,114,36,143,51,8,26
1/2/2022,2045,384,223,85,92,202,20,127,139,545,69,112,141,403,117,21,162,93,65,219,90,1804,350,185,147,143,24,50,99,80,51,464,146,946,145,452,140,9,115,39,41,235,1280,169,780,119,22,293,72,576,782,240,49,120,171,619,184,105,54,148,55,11,46
1/3/2022,2100,662,285,78,99,159,64,153,72,177,70,161,59,460,224,23,106,160,94,189,84,1749,321,,158,53,29,111,39,99,50,330,172,919,75,517,132,,58,64,51,168,842,156,786,,126,140,73,547,619,255,40,267,150,821,94,65,34,236,55,8,28
1/4/2022,2499,664,276,79,137,253,36,194,51,203,78,157,,342,286,62,94,134,75,227,202,602,285,367,107,,30,68,134,220,41,225,171,916,65,7063,138,23,85,,65,232,431,97,797,166,119,196,42,608,593,202,33,420,103,450,35,152,63,179,40,18,66
1/5/2022,2505,448,345,75,191,245,27,180,103,229,148,215,131,365,351,42,109,138,99,337,187,792,260,273,121,68,30,97,85,239,34,306,126,862,66,576,137,21,105,45,43,193,657,202,782,136,329,282,81,735,682,228,51,499,196,687,35,152,12,227,41,12,22
1/6/2022,2716,442,397,95,186,299,46,179,132,,143,230,22,347,217,37,139,156,110,327,213,923,247,,119,54,45,117,87,193,64,301,104,853,91,553,120,29,117,134,42,230,519,118,800,142,124,163,152,575,798,230,42,492,104,702,48,106,,264,59,37,86
1/7/2022,2723,489,319,98,157,309,73,173,127,443,132,186,,351,275,21,131,172,103,345,162,795,235,,197,160,35,96,,165,32,210,2,583,52,498,135,,97,53,27,188,699,229,790,56,121,213,263,667,716,245,39,443,91,676,148,106,23,263,54,32,31
1/8/2022,2791,436,384,95,197,474,86,158,105,181,183,151,66,382,290,20,129,181,111,343,182,748,232,481,163,114,38,67,131,137,53,250,181,587,59,575,150,21,37,66,74,161,470,172,798,18,157,208,193,742,718,236,46,285,134,587,253,103,26,,37,21,39
1/9/2022,2811,472,410,96,170,433,73,126,95,175,113,171,,382,293,105,128,157,118,315,126,836,255,,169,63,46,38,140,162,32,237,,475,117,138,127,54,97,71,47,140,532,120,790,34,88,152,285,636,8081,228,41,454,117,615,195,103,34,492,74,41,28
1/10/2022,2830,437,379,90,180,453,79,155,46,181,83,202,177,372,297,25,124,161,68,294,128,592,271,,118,86,55,102,101,199,22,206,142,487,55,251,96,47,34,27,60,126,404,100,795,77,94,132,133,609,640,227,48,370,122,540,187,103,61,189,45,25,44
1/11/2022,2884,558,347,98,177,543,101,154,81,168,104,224,87,380,319,49,185,145,108,240,155,514,222,381,161,66,59,79,102,184,44,193,3,462,25,326,109,66,65,26,81,117,377,103,782,77,156,169,294,671,667,235,50,498,92,762,175,114,38,186,105,39,37
1/12/2022,2948,696,270,85,198,592,60,208,93,245,103,253,,375,354,66,133,227,105,319,163,525,270,1,171,68,99,106,114,186,40,210,59,473,34,399,133,,27,56,80,108,395,125,772,23,134,161,400,702,641,248,40,499,89,535,182,120,,182,100,38,28
1/13/2022,2968,701,324,99,215,657,46,201,104,203,121,276,121,346,337,55,158,128,68,294,199,497,290,417,211,83,126,73,69,193,49,185,93,451,24,360,141,38,57,18,59,120,359,76,677,77,150,130,329,709,726,238,39,593,101,599,168,123,76,162,99,44,50
1/14/2022,3029,402,414,87,247,765,72,262,92,227,125,397,79,319,290,75,194,181,91,265,221,507,310,176,199,98,113,73,68,216,33,157,107,432,113,283,135,38,27,10,80,81,375,118,680,169,103,139,185,711,643,,38,555,74,526,119,146,45,149,88,52,21
1/15/2022,2810,364,335,51,275,874,58,255,55,243,177,309,,415,372,52,224,205,124,312,255,814,245,215,232,56,104,47,,192,71,176,92,468,106,646,133,64,50,11,87,77,393,130,654,135,116,93,95,581,651,225,40,567,58,438,94,92,,136,71,62,23
1/16/2022,2982,289,405,66,271,888,42,255,68,346,175,375,221,442,384,55,173,230,90,286,235,,257,,207,74,124,117,82,112,58,150,137,446,61,295,115,61,86,8,96,82,340,103,680,133,107,73,245,599,661,235,39,556,43,395,107,157,38,125,77,49,35
1/17/2022,2955,204,675,98,253,924,65,220,55,262,133,331,92,486,358,55,174,204,145,346,259,638,262,413,185,40,144,63,77,239,39,106,100,316,59,472,61,,42,14,66,59,340,113,556,106,82,114,188,640,609,220,35,588,82,5769,95,158,61,121,80,26,19
1/18/2022,2935,226,374,98,305,943,100,287,49,302,124,462,96,491,544,54,186,249,166,354,223,1139,257,181,261,45,147,69,93,132,35,165,62,335,37,638,74,40,53,27,92,45,245,123,507,84,180,77,226,582,514,240,38,470,33,354,105,117,98,120,96,33,26
1/19/2022,2909,263,568,99,338,892,110,336,77,349,187,490,131,288,628,35,251,274,180,297,302,,277,3,251,58,89,99,126,196,49,177,151,247,64,603,75,49,30,14,106,41,251,35,652,164,150,71,170,412,535,245,30,561,34,379,97,127,,109,118,44,43
1/20/2022,2884,245,565,98,270,983,103,288,65,280,137,513,143,373,497,98,245,283,139,389,386,722,285,153,218,142,153,98,138,235,38,135,143,239,61,332,80,55,37,5,103,51,269,77,579,101,138,47,154,521,462,231,29,614,33,361,90,98,119,101,132,36,38
1/21/2022,2805,227,685,128,280,964,84,344,51,341,187,482,112,418,509,115,233,223,209,369,299,796,280,,208,56,129,99,151,268,22,113,99,237,95,240,81,52,28,13,134,39,263,72,346,84,71,61,127,420,475,231,31,618,55,319,87,101,73,99,90,22,51
1/22/2022,2945,214,693,120,315,973,109,319,56,324,183,461,138,386,443,64,223,256,177,338,286,745,279,332,265,144,66,98,158,298,50,108,90,174,52,165,70,,38,15,112,44,220,115,305,22,103,42,99,347,498,242,36,555,40,231,69,177,,88,72,31,40
1/23/2022,2967,138,629,129,276,984,91,435,26,351,157,326,153,377,489,95,372,266,308,427,254,764,282,,284,60,67,82,143,399,40,128,87,167,40,100,50,56,16,19,119,38,137,66,279,92,40,36,73,358,361,216,27,347,35,190,72,126,45,96,86,26,35
1/24/2022,2801,97,644,124,297,958,95,270,23,342,174,387,133,335,585,44,306,355,295,404,292,733,259,,278,125,87,109,107,288,40,60,86,158,31,93,51,112,19,,115,36,152,78,159,105,64,29,95,363,382,196,26,134,21,191,78,51,85,106,148,26,70
1/25/2022,2956,99,623,138,385,989,114,301,31,397,267,400,,560,685,80,263,337,370,322,445,704,305,303,386,59,70,152,34,271,38,146,3,146,61,123,52,,11,34,202,35,151,26,200,50,77,42,68,374,335,225,34,352,12,200,69,48,178,104,186,37,34
1/26/2022,2884,121,387,137,465,991,100,572,39,370,270,396,154,865,587,117,294,360,270,297,485,702,255,2,425,120,110,140,121,235,39,,3,136,76,96,54,131,26,23,202,37,153,28,145,,87,44,115,433,315,229,29,301,26,244,57,69,192,109,121,32,62
1/27/2022,2907,168,372,139,462,873,63,527,55,417,207,374,167,794,727,81,316,469,347,275,272,719,220,378,414,96,100,170,115,111,41,64,183,135,92,82,50,48,7,34,100,40,112,32,113,129,66,26,57,437,293,235,26,105,22,165,49,95,62,144,123,90,80
1/28/2022,2885,153,374,159,369,886,92,617,21,341,169,341,151,1013,582,82,266,518,454,343,357,635,223,1,427,112,55,153,92,124,40,44,63,126,47,50,55,,17,41,169,25,101,78,129,48,63,30,59,424,239,206,32,110,29,145,38,103,70,125,115,27,49
1/29/2022,2806,166,369,158,347,865,98,601,27,363,265,62,106,992,732,108,314,505,397,210,407,663,230,271,414,130,126,123,102,295,44,35,79,130,24,59,54,104,6,,188,37,105,88,94,,56,29,104,419,250,190,30,108,18,126,31,70,74,103,100,32,61
1/30/2022,2924,148,354,157,261,876,82,480,22,277,257,82,,12887,505,17,308,509,545,235,269,647,224,93,301,97,90,97,187,157,32,44,52,106,35,38,10,46,31,112,145,13,55,85,72,178,64,24,58,360,228,185,9,4080,20,92,26,143,,103,142,22,30
1/31/2022,2728,166,381,159,260,877,70,403,8,404,266,61,,781,432,53,343,474,348,148,340,552,207,,235,85,75,91,180,227,14,41,,111,21,25,18,,,57,58,20,41,94,62,79,51,12,26,355,189,198,18,87,,99,30,51,288,87,96,34,21
2/1/2022,2705,155,355,160,207,783,40,475,21,293,198,59,,342,412,44,270,330,388,116,229,496,84,,229,98,94,82,177,246,32,37,,105,29,27,11,,2,,106,10,37,49,42,82,11,4,43,444,154,173,,87,,93,39,52,,85,112,42,15
2/2/2022,2716,148,145,147,170,778,42,221,1,233,113,32,165,212,353,34,120,197,216,100,103,283,86,,130,68,40,44,144,100,8,49,200,64,19,26,16,29,,78,31,4,46,17,25,50,8,8,5,203,94,93,,113,,43,32,26,107,67,84,13,23
2/3/2022,2738,129,184,137,257,,102,356,6,326,202,56,114,144,463,55,179,160,275,90,136,154,99,254,212,39,50,62,51,86,15,23,45,57,17,25,12,,2,,103,,25,23,69,23,27,7,20,230,137,208,,62,,70,24,18,25,78,79,8,27
2/4/2022,2756,66,264,112,375,1544,49,594,9,317,225,64,,276,277,51,269,620,428,116,160,281,115,56,258,78,63,83,182,237,8,36,,55,9,18,29,,2,33,132,5,43,4,34,25,26,4,10,260,161,230,10,57,,89,18,49,68,83,128,9,26
2/5/2022,2778,24,207,159,495,783,103,735,12,478,298,106,,402,295,140,325,541,470,105,197,362,118,,395,88,86,98,209,287,8,39,121,33,11,29,19,,2,29,89,7,25,14,49,69,15,10,25,339,165,230,,73,38,87,12,39,35,95,126,,31
2/6/2022,2797,43,195,169,550,927,73,853,14,566,419,143,,460,300,128,675,593,491,94,446,523,148,,523,92,95,132,183,355,7,39,56,27,3,11,13,147,14,40,110,,30,45,59,,27,9,92,425,193,228,3,63,,85,11,49,,92,185,,55
2/7/2022,2988,76,208,168,725,935,115,461,8,845,387,134,179,510,789,241,1247,596,662,196,289,633,199,,585,135,64,125,293,396,5,48,215,19,14,30,24,104,6,58,128,29,42,48,110,38,62,10,95,313,230,233,6,43,,146,8,91,45,105,217,30,68
2/8/2022,2903,116,240,189,891,854,158,364,5,1245,398,177,166,897,998,21,1717,886,769,336,498,830,252,313,944,225,265,175,332,649,9,52,220,67,19,57,34,299,17,39,183,9,88,59,183,137,72,28,161,571,181,352,9,70,30,227,9,146,207,107,242,99,105
2/9/2022,2949,219,259,219,853,925,154,417,19,1120,450,200,115,1246,988,77,1900,938,800,283,499,1295,275,234,18,333,259,291,500,527,20,82,215,31,32,26,21,1019,7,62,419,8,88,16,232,198,91,19,124,809,312,357,12,72,,187,16,187,169,115,423,91,131
2/10/2022,2887,241,261,223,847,939,197,490,18,1329,485,196,467,1079,996,141,1749,1189,628,424,876,1366,246,287,1073,350,304,358,715,735,39,82,,22,36,30,20,33,3,85,330,10,69,17,244,372,80,19,187,744,305,365,9,63,,171,26,298,437,128,468,89,146
2/11/2022,2908,260,379,216,856,927,164,492,20,1447,490,211,440,1390,686,133,1501,1287,765,477,910,1398,257,311,879,420,393,383,942,976,31,44,,31,77,65,45,259,8,84,470,19,73,16,263,284,73,15,133,503,290,340,8,65,34,134,16,180,178,115,493,69,138
2/12/2022,2981,300,448,208,931,940,197,553,20,1681,498,161,558,745,797,118,1550,1842,811,659,520,1394,274,,884,465,394,459,951,978,19,43,525,40,69,36,11,197,3,85,431,11,71,26,193,569,55,23,117,455,269,350,10,53,,84,21,318,,108,567,95,131
2/13/2022,2940,182,499,217,976,842,282,576,21,1906,516,201,181,850,788,124,1166,1894,778,608,561,1483,202,535,894,470,190,415,1099,1281,14,50,,19,86,21,2,163,3,79,474,10,89,61,190,,32,26,213,519,,332,10,43,,97,11,330,,110,492,73,146
2/14/2022,3507,285,539,201,982,787,347,587,31,1915,540,165,1379,922,776,117,1385,1362,1053,892,664,1489,200,235,897,302,136,428,970,1275,10,24,579,21,63,23,18,159,7,81,429,6,35,50,209,288,76,14,282,437,469,307,12,29,12,145,9,309,155,100,406,118,153
2/15/2022,3972,341,596,226,1135,732,453,571,47,1807,596,154,784,1041,796,155,1113,1354,1080,1246,855,1417,244,372,898,349,373,599,1136,1294,4,37,437,66,58,50,25,426,8,92,661,17,53,46,395,243,81,22,494,710,219,362,10,43,21,156,,210,163,127,435,135,245
2/16/2022,3888,620,648,229,1274,743,595,606,87,1598,836,245,552,1209,781,166,1188,1281,1332,1536,711,1487,258,384,974,391,395,770,1316,2497,18,78,275,31,76,13,24,417,4,56,769,27,69,11,412,316,119,15,298,805,264,362,10,65,19,128,12,179,171,118,574,122,269
2/17/2022,3893,483,709,219,1362,705,741,614,91,1350,877,265,425,1362,861,195,1352,1344,1417,2477,1112,1548,241,484,1256,444,666,779,,2478,13,58,342,37,79,59,27,545,6,182,820,12,67,64,484,381,105,11,133,588,264,374,11,71,12,123,19,225,149,112,569,213,285
2/18/2022,4549,715,719,209,2158,732,875,607,91,1302,910,179,1175,1556,885,252,1339,1678,1789,2018,1443,1504,262,600,1567,458,888,889,1540,1652,18,52,330,34,289,35,38,621,2,53,1310,13,24,89,525,441,97,27,292,1109,273,365,14,67,13,131,15,189,146,111,575,231,357
2/19/2022,4869,849,743,303,1394,741,1150,658,66,1328,992,127,626,2002,930,280,1360,1798,1567,1990,1042,1555,163,605,1871,518,938,1040,1516,1852,34,51,,50,55,35,32,,3,65,1410,13,26,95,696,413,94,19,215,924,427,470,10,47,4,134,4,324,148,139,716,204,238
2/20/2022,5102,849,789,290,1692,720,1275,697,53,1316,1015,130,808,2360,1220,358,1467,1754,1981,1980,1500,1698,224,748,1797,415,989,1007,1556,1838,10,63,286,64,215,29,12,1294,6,190,1360,22,35,66,590,553,85,22,288,1019,348,435,12,33,13,105,8,362,143,139,861,332,564
2/21/2022,5477,797,799,329,1734,907,1280,842,8,1815,1103,118,699,2582,1257,438,1419,1715,1908,1898,1622,1707,245,720,1782,313,833,860,1684,1862,13,33,,63,224,38,49,689,6,122,1181,4,12,76,596,472,98,14,376,842,365,477,12,41,11,204,3,318,152,151,778,214,474
2/22/2022,6860,1352,1312,380,1811,946,1290,976,37,2485,1282,135,765,2842,995,499,1441,1943,2084,2087,2500,1798,237,989,2087,494,845,1494,1665,1645,27,50,461,113,132,37,47,690,,233,2056,9,40,17,1213,316,155,46,441,835,429,630,14,64,9,351,6,232,157,181,567,388,649
2/23/2022,7419,1451,1617,448,2013,918,1556,1097,92,2944,1385,108,1322,2505,803,560,1525,2203,2499,1868,2998,1816,226,1262,2595,327,1277,,1739,1499,49,98,314,142,373,50,30,694,12,103,1406,14,69,8,1296,388,185,41,515,1059,731,636,19,84,18,378,9,264,155,1057,825,371,873
2/24/2022,8864,2466,1995,530,2117,981,1666,1199,148,2948,1456,145,1480,2375,881,738,1629,2592,2596,,4171,1890,242,1514,2391,414,1118,2860,1799,1497,40,81,579,179,577,74,10,715,7,214,1655,7,83,77,1229,656,284,51,627,1016,610,732,17,179,17,422,4,253,189,1560,987,438,848
